spend_decile,customers,min_spend_usd,revenue_usd,pct_of_revenue,cumulative_pct,churn_rate_pct
1,5000,117919.0,720199206.0,28.7,28.7,30.8
2,5000,88197.0,508393895.0,20.2,48.9,29.8
3,5000,66932.0,385491653.0,15.3,64.2,29.9
4,5000,50794.0,292390924.0,11.6,75.9,30.3
5,5000,37543.0,220039059.0,8.8,84.6,30.1
6,5000,26679.0,159867531.0,6.4,91.0,31.6
7,5000,17745.0,110343315.0,4.4,95.4,30.3
8,5000,10355.0,69680984.0,2.8,98.1,30.1
9,5000,4449.0,36352510.0,1.4,99.6,30.4
10,5000,0.0,10568232.0,0.4,100.0,30.1
